name,No Data Processing,No Data Processing,No Data Processing,T+N,T+N,T+N,T+N+PCA,T+N+PCA,T+N+PCA,Using Normalisation,Using Normalisation,Using Normalisation,Using PCA,Using PCA,Using PCA,Using Transform,Using Transform,Using Transform
cluster_size,3,4,5,3,4,5,3,4,5,3,4,5,3,4,5,3,4,5
Silhouette,0.47200000286102295,0.47200000286102295,0.47200000286102295,0.33489999175071716,0.33489999175071716,0.33489999175071716,0.33489999175071716,0.33489999175071716,0.33489999175071716,0.3506999909877777,0.3506999909877777,0.3506999909877777,0.47200000286102295,0.47200000286102295,0.47200000286102295,0.5270000100135803,0.5270000100135803,0.5270000100135803
Calinski-Harabasz,60.9168,60.9168,60.9168,19.9034,19.9034,19.9034,19.9034,19.9034,19.9034,24.8652,24.8652,24.8652,60.9168,60.9168,60.9168,141.0207,141.0207,141.0207
Davies-Bouldin,0.5625,0.5625,0.5625,0.7808,0.7808,0.7808,0.7808,0.7808,0.7808,0.6156,0.6156,0.6156,0.5625,0.5625,0.5625,0.4889,0.4889,0.4889
